City_ID,City,Country,Date,Lat,Lng,Max Temp,Humidity,Cloudiness,Wind Speed
0,Kathmandu,NP,2022-07-18 22:29:34,27.7167,85.3167,69.26,95,100,1.92
1,Albany,US,2022-07-18 22:30:02,42.6001,-73.9662,77.65,87,100,4.0
2,Ushuaia,AR,2022-07-18 22:29:59,-54.8,-68.3,33.46,69,75,25.32
3,Narsaq,GL,2022-07-18 22:34:25,60.9167,-46.05,59.22,71,100,2.28
4,Nikolskoye,RU,2022-07-18 22:34:25,59.7035,30.7861,55.8,92,59,4.63
5,Monte Alegre De Sergipe,BR,2022-07-18 22:34:26,-10.0272,-37.5622,67.03,97,19,7.2
6,Vaini,TO,2022-07-18 22:34:26,-21.2,-175.2,77.16,83,75,10.36
7,Hobart,AU,2022-07-18 22:34:26,-42.8794,147.3294,43.27,85,75,6.91
8,Tezu,IN,2022-07-18 22:34:27,27.9167,96.1667,75.49,99,100,1.03
9,Kokoda,PG,2022-07-18 22:34:27,-8.8785,147.7407,80.71,79,52,3.09
10,Morgan City,US,2022-07-18 22:34:28,29.6994,-91.2068,89.01,67,98,9.28
11,Hithadhoo,MV,2022-07-18 22:34:28,-0.6,73.0833,81.39,76,100,12.01
12,Aksu,CN,2022-07-18 22:34:28,41.1231,80.2644,77.68,28,13,4.27
13,Buala,SB,2022-07-18 22:34:29,-8.145,159.5921,84.4,65,27,5.79
14,Chuy,UY,2022-07-18 22:34:29,-33.6971,-53.4616,47.75,82,2,3.0
15,Gorin,RU,2022-07-18 22:34:30,51.1983,136.6669,57.04,98,100,6.69
16,Busselton,AU,2022-07-18 22:34:30,-33.65,115.3333,50.23,86,0,8.25
17,Carballo,ES,2022-07-18 22:34:31,43.213,-8.691,66.87,81,22,7.27
18,Vestmanna,FO,2022-07-18 22:34:31,62.1564,-7.1664,49.12,87,100,17.27
19,Trairi,BR,2022-07-18 22:34:14,-3.2778,-39.2689,77.29,72,5,10.09
20,Provideniya,RU,2022-07-18 22:34:32,64.3833,-173.3,42.91,81,75,20.13
21,Huarmey,PE,2022-07-18 22:34:32,-10.0681,-78.1522,64.44,81,65,10.22
22,Sioux Lookout,CA,2022-07-18 22:34:33,50.1001,-91.917,84.27,51,40,5.75
23,Bitkine,TD,2022-07-18 22:34:33,11.9801,18.2138,78.93,67,50,6.46
24,Rikitea,PF,2022-07-18 22:34:34,-23.1203,-134.9692,74.66,75,14,11.39
25,Sao Paulo De Olivenca,BR,2022-07-18 22:34:34,-3.3783,-68.8725,75.6,94,93,2.44
26,Cabo San Lucas,MX,2022-07-18 22:30:29,22.8909,-109.9124,94.6,64,20,11.5
27,Atuona,PF,2022-07-18 22:34:35,-9.8,-139.0333,77.65,67,62,16.11
28,Punta Arenas,CL,2022-07-18 22:32:42,-53.15,-70.9167,41.11,81,75,31.07
29,Labuhan,ID,2022-07-18 22:34:35,-6.8844,112.2051,75.74,87,99,7.18
30,Robertsport,LR,2022-07-18 22:34:36,6.7533,-11.3686,76.95,81,100,17.18
31,Ponta Do Sol,PT,2022-07-18 22:34:36,32.6667,-17.1,72.01,81,10,3.94
32,Bonoua,CI,2022-07-18 22:34:37,5.2741,-3.595,76.62,83,76,6.49
33,Butaritari,KI,2022-07-18 22:34:37,3.0707,172.7902,82.58,75,10,19.57
34,Pimentel,PE,2022-07-18 22:34:37,-6.8367,-79.9342,64.69,77,20,17.27
35,Cocorit,MX,2022-07-18 22:34:38,27.5833,-109.9667,93.54,34,15,9.66
36,Tobol,KZ,2022-07-18 22:34:39,52.6844,62.5794,65.52,84,0,5.91
37,Pachino,IT,2022-07-18 22:34:39,36.7186,15.0907,80.98,56,0,4.72
38,Taltal,CL,2022-07-18 22:31:25,-25.4,-70.4833,60.46,71,12,5.08
39,Port Alfred,ZA,2022-07-18 22:34:40,-33.5906,26.891,64.11,58,82,8.59
40,Cockburn Town,TC,2022-07-18 22:30:38,21.4612,-71.1419,85.96,62,40,16.11
41,Lusambo,CD,2022-07-18 22:34:41,-4.9667,23.45,77.65,45,100,1.74
42,Bluff,NZ,2022-07-18 22:34:42,-46.6,168.3333,45.81,74,100,15.3
43,Norman Wells,CA,2022-07-18 22:34:43,65.282,-126.8329,75.24,41,75,4.61
44,Longyearbyen,SJ,2022-07-18 22:34:44,78.2186,15.6401,51.64,71,75,11.5
45,Anyang,CN,2022-07-18 22:34:44,36.0994,114.3289,80.11,57,94,1.79
46,Imeni Poliny Osipenko,RU,2022-07-18 22:34:45,52.4201,136.4853,54.66,97,100,12.68
47,Saint-Leu,RE,2022-07-18 22:35:45,-21.15,55.2833,67.06,69,7,9.19
48,Sur,OM,2022-07-18 22:35:46,22.5667,59.5289,84.36,88,36,6.38
49,Sao Joao Da Barra,BR,2022-07-18 22:35:46,-21.6403,-41.0511,71.22,87,2,9.82
50,Castro,BR,2022-07-18 22:35:47,-24.7911,-50.0119,57.25,99,100,3.8
51,Jamestown,US,2022-07-18 22:35:48,42.097,-79.2353,75.94,84,100,12.66
52,Barrow,US,2022-07-18 22:35:48,71.2906,-156.7887,42.82,75,100,20.71
53,Severo-Kurilsk,RU,2022-07-18 22:35:48,50.6789,156.125,56.3,88,94,6.13
54,Dingle,PH,2022-07-18 22:35:49,10.9995,122.6711,74.89,97,100,9.71
55,Qasigiannguit,GL,2022-07-18 22:35:49,68.8193,-51.1922,50.25,78,66,1.41
56,Champa,IN,2022-07-18 22:35:50,22.05,82.65,76.24,83,100,9.64
57,Ellensburg,US,2022-07-18 22:35:50,46.9965,-120.5479,84.94,41,0,21.85
58,New Norfolk,AU,2022-07-18 22:35:51,-42.7826,147.0587,42.93,88,78,2.55
59,Mataura,NZ,2022-07-18 22:35:51,-46.1927,168.8643,45.48,95,100,1.61
60,Sancti Spiritus,CU,2022-07-18 22:35:51,21.9297,-79.4425,84.31,72,2,10.58
61,Tuktoyaktuk,CA,2022-07-18 22:35:52,69.4541,-133.0374,66.2,77,100,9.22
62,Bethel,US,2022-07-18 22:35:52,41.3712,-73.414,76.35,92,100,8.05
63,Colares,PT,2022-07-18 22:35:53,38.7992,-9.4469,70.29,75,20,14.0
64,Grand Gaube,MU,2022-07-18 22:35:53,-20.0064,57.6608,68.38,66,67,10.0
65,Puerto Ayora,EC,2022-07-18 22:35:54,-0.7393,-90.3518,76.96,94,92,5.01
66,Tiksi,RU,2022-07-18 22:35:54,71.6872,128.8694,34.83,89,100,18.72
67,Yining,CN,2022-07-18 22:35:55,29.0361,114.5636,79.68,87,100,1.05
68,Port Elizabeth,ZA,2022-07-18 22:35:55,-33.918,25.5701,63.32,93,75,3.44
69,Urusha,RU,2022-07-18 22:35:55,54.05,122.9,66.7,91,62,0.25
70,Nove Mesto Pod Smrkem,CZ,2022-07-18 22:31:33,50.9249,15.2294,64.69,76,77,4.36
71,Srednekolymsk,RU,2022-07-18 22:35:57,67.45,153.6833,67.53,41,98,8.32
72,Longyan,CN,2022-07-18 22:35:57,25.1072,117.0225,77.72,94,100,2.68
73,Hirara,JP,2022-07-18 22:35:58,24.8,125.2833,85.86,89,75,12.66
74,Qaqortoq,GL,2022-07-18 22:35:58,60.7167,-46.0333,47.91,77,100,4.36
75,Kloulklubed,PW,2022-07-18 22:35:59,7.0419,134.2556,82.65,69,86,2.28
76,Naze,JP,2022-07-18 22:35:59,28.3667,129.4833,79.72,85,100,16.44
77,Menongue,AO,2022-07-18 22:36:00,-14.6585,17.691,47.84,52,0,3.51
78,Kaka,TM,2022-07-18 22:36:00,37.3482,59.6143,87.67,14,0,7.2
79,Pangnirtung,CA,2022-07-18 22:36:01,66.1451,-65.7125,42.8,87,75,16.11
80,Lavrentiya,RU,2022-07-18 22:36:01,65.5833,-171.0,37.69,98,100,15.79
81,Vrangel,RU,2022-07-18 22:36:02,42.7297,133.0839,65.53,86,99,3.02
82,La Ronge,CA,2022-07-18 22:36:02,55.1001,-105.2842,84.42,28,40,10.36
83,Paamiut,GL,2022-07-18 22:36:03,61.994,-49.6678,44.94,82,100,1.14
84,Sao Filipe,CV,2022-07-18 22:36:04,14.8961,-24.4956,77.07,77,18,10.67
85,Souillac,MU,2022-07-18 22:36:04,-20.5167,57.5167,66.58,88,40,17.27
86,Mecca,SA,2022-07-18 22:33:23,21.4267,39.8261,88.34,22,37,5.12
87,Bathsheba,BB,2022-07-18 22:36:05,13.2167,-59.5167,83.01,85,40,18.41
88,Tutoia,BR,2022-07-18 22:36:05,-2.7619,-42.2744,79.23,78,49,12.37
89,Coquimbo,CL,2022-07-18 22:34:15,-29.9533,-71.3436,58.73,77,0,5.75
90,Palmer,US,2022-07-18 22:36:06,42.1584,-72.3287,76.64,86,100,9.22
91,Babaeski,TR,2022-07-18 22:36:06,41.4325,27.0931,62.6,69,0,6.31
92,Mehamn,NO,2022-07-18 22:36:07,71.0357,27.8492,58.95,77,75,2.3
93,Taoudenni,ML,2022-07-18 22:36:07,22.6783,-3.9836,99.32,6,0,6.98
94,Qaanaaq,GL,2022-07-18 22:36:08,77.484,-69.3632,45.12,59,0,5.3
95,Sitka,US,2022-07-18 22:37:08,57.0531,-135.33,55.29,82,100,4.61
96,Hilo,US,2022-07-18 22:33:43,19.7297,-155.09,89.28,72,100,10.36
97,Paragominas,BR,2022-07-18 22:37:09,-2.9667,-47.4833,79.0,71,98,4.83
98,Puerto Colombia,CO,2022-07-18 22:37:09,10.9878,-74.9547,82.49,83,99,20.07
99,Nouadhibou,MR,2022-07-18 22:37:10,20.931,-17.0347,71.58,83,22,9.22
100,Faya,SA,2022-07-18 22:37:10,18.3851,42.4509,68.52,39,55,4.23
101,Port Hardy,CA,2022-07-18 22:33:42,50.6996,-127.4199,62.78,67,100,9.22
102,Kintampo,GH,2022-07-18 22:37:11,8.0563,-1.7306,71.01,86,41,5.08
103,Barcelona,ES,2022-07-18 22:36:03,41.3888,2.159,81.82,87,20,2.3
104,Chokurdakh,RU,2022-07-18 22:37:11,70.6333,147.9167,43.25,62,83,13.51
105,Kruisfontein,ZA,2022-07-18 22:37:12,-34.0033,24.7314,57.88,93,54,2.77
106,Corinto,GR,2022-07-18 22:37:12,37.9407,22.9573,79.9,50,0,5.93
107,Saint-Gaudens,FR,2022-07-18 22:37:13,43.0833,0.6667,76.03,46,1,6.87
108,Cherskiy,RU,2022-07-18 22:33:14,68.75,161.3,57.92,48,66,9.64
109,Plouzane,FR,2022-07-18 22:37:14,48.3833,-4.6167,82.72,45,0,5.75
110,Bredasdorp,ZA,2022-07-18 22:37:15,-34.5322,20.0403,53.92,86,100,2.08
111,Rio Tuba,PH,2022-07-18 22:37:15,8.5061,117.4317,80.53,79,100,2.53
112,Carnarvon,AU,2022-07-18 22:37:16,-24.8667,113.6333,60.42,67,0,13.33
113,Constitucion,CL,2022-07-18 22:37:16,-35.3333,-72.4167,49.8,90,92,8.75
114,Micheweni,TZ,2022-07-18 22:37:17,-4.9667,39.8333,74.93,77,30,13.31
115,Hermanus,ZA,2022-07-18 22:37:18,-34.4187,19.2345,53.8,82,98,3.15
116,Kedougou,SN,2022-07-18 22:37:18,12.5579,-12.1743,82.98,78,40,4.61
117,Namibe,AO,2022-07-18 22:37:19,-15.1961,12.1522,64.8,86,63,3.13
118,Mogadishu,SO,2022-07-18 22:37:19,2.0371,45.3438,75.51,81,85,19.57
119,Faanui,PF,2022-07-18 22:37:20,-16.4833,-151.75,76.55,68,63,6.38
120,Bubaque,GW,2022-07-18 22:37:20,11.2833,-15.8333,79.59,84,99,11.41
121,Puerto Concordia,CO,2022-07-18 22:37:21,2.6221,-72.7572,74.98,94,83,1.95
122,Luwuk,ID,2022-07-18 22:37:21,-0.9516,122.7875,75.24,88,100,5.86
123,Tabou,CI,2022-07-18 22:37:22,4.423,-7.3528,75.16,76,97,10.07
124,Sherlovaya Gora,RU,2022-07-18 22:33:17,50.5667,116.25,65.43,52,0,3.13
125,Yellowknife,CA,2022-07-18 22:37:23,62.456,-114.3525,72.12,56,75,8.99
126,Tasiilaq,GL,2022-07-18 22:37:23,65.6145,-37.6368,44.76,84,49,1.05
127,Nabire,ID,2022-07-18 22:37:23,-3.3667,135.4833,77.4,89,98,2.3
128,Katsuura,JP,2022-07-18 22:37:24,35.1333,140.3,80.62,89,100,21.94
129,Saldanha,ZA,2022-07-18 22:37:24,-33.0117,17.9442,48.25,79,0,10.16
130,Kamenka,RU,2022-07-18 22:37:25,51.3223,42.7678,55.33,89,0,12.21
131,Oytal,KZ,2022-07-18 22:37:25,42.9057,73.2697,71.22,46,0,4.21
132,Viransehir,TR,2022-07-18 22:37:26,37.2353,39.7631,85.42,26,0,1.21
133,Thompson,CA,2022-07-18 22:32:40,55.7435,-97.8558,75.36,57,40,6.91
134,Sechura,PE,2022-07-18 22:37:26,-5.5569,-80.8222,68.92,67,82,16.2
135,Huicheng,CN,2022-07-18 22:37:27,23.0385,116.2899,82.27,90,100,5.82
136,Yar-Sale,RU,2022-07-18 22:37:27,66.8333,70.8333,57.56,58,78,7.63
137,Dongkan,CN,2022-07-18 22:37:28,33.9997,119.8308,76.64,80,87,5.66
138,Bambous Virieux,MU,2022-07-18 22:37:28,-20.3428,57.7575,68.22,88,40,17.27
139,Zychlin,PL,2022-07-18 22:37:28,52.244,19.6261,63.23,63,90,2.8
140,Cape Town,ZA,2022-07-18 22:37:29,-33.9258,18.4232,56.91,80,0,6.91
141,Poum,NC,2022-07-18 22:38:30,-20.2333,164.0167,74.64,86,63,7.72
142,Turayf,SA,2022-07-18 22:38:30,31.6725,38.6637,84.45,37,0,13.8
143,Tromso,NO,2022-07-18 22:38:31,69.6496,18.957,51.39,87,75,6.91
144,Airai,TL,2022-07-18 22:38:31,-8.9266,125.4092,54.25,53,93,2.68
145,Torbay,CA,2022-07-18 22:38:32,47.6666,-52.7314,70.57,70,75,11.5
146,Nahan,IN,2022-07-18 22:38:33,30.55,77.3,83.01,61,38,3.18
147,Shama,CN,2022-07-18 22:38:33,33.6102,104.2852,55.63,95,100,3.15
148,Kapaa,US,2022-07-18 22:38:09,22.0752,-159.319,84.52,72,40,19.57
149,Port Macquarie,AU,2022-07-18 22:38:34,-31.4333,152.9167,48.88,65,31,11.14
150,Itarema,BR,2022-07-18 22:35:25,-2.9248,-39.9167,78.24,72,19,14.54
151,Maraba,BR,2022-07-18 22:38:35,-5.3686,-49.1178,80.78,69,0,0.0
152,Kodiak,US,2022-07-18 22:38:30,57.79,-152.4072,58.51,67,0,10.36
153,Masallatah,LY,2022-07-18 22:38:36,32.6167,14.0,74.55,76,0,6.96
154,Terney,RU,2022-07-18 22:38:37,45.0503,136.6092,67.01,83,84,1.32
155,Honiara,SB,2022-07-18 22:38:37,-9.4333,159.95,85.23,62,12,5.1
156,Milkovo,RU,2022-07-18 22:38:38,54.7167,158.6167,76.19,58,4,1.36
157,Arraial Do Cabo,BR,2022-07-18 22:38:38,-22.9661,-42.0278,69.66,94,20,5.75
158,Avarua,CK,2022-07-18 22:38:13,-21.2078,-159.775,75.25,73,75,9.22
159,Honningsvag,NO,2022-07-18 22:38:39,70.9821,25.9704,51.55,93,20,4.61
160,Georgetown,MY,2022-07-18 22:37:51,5.4112,100.3354,82.33,89,40,3.44
161,Port Blair,IN,2022-07-18 22:38:39,11.6667,92.75,78.84,94,75,2.3
162,Iqaluit,CA,2022-07-18 22:38:40,63.7506,-68.5145,44.33,81,75,9.22
163,Fare,PF,2022-07-18 22:38:40,-16.7,-151.0167,75.54,71,9,4.18
164,Nioro,GM,2022-07-18 22:38:41,13.35,-15.75,79.79,80,100,5.95
165,Mar Del Plata,AR,2022-07-18 22:38:41,-38.0023,-57.5575,47.88,80,0,7.0
166,Lasa,IT,2022-07-18 22:38:42,46.6166,10.7002,72.48,82,83,1.21
167,Rudsar,IR,2022-07-18 22:38:42,37.1376,50.288,79.93,66,0,3.33
168,Nanortalik,GL,2022-07-18 22:38:42,60.1432,-45.2371,46.56,81,81,4.41
169,Codo,BR,2022-07-18 22:38:43,-4.4553,-43.8856,79.66,55,63,1.39
170,Kara,TG,2022-07-18 22:38:43,9.5511,1.1861,72.21,90,99,4.12
171,Batagay-Alyta,RU,2022-07-18 22:38:44,67.8006,130.4114,46.92,91,100,5.68
172,Inuvik,CA,2022-07-18 22:38:44,68.3499,-133.7218,65.26,85,100,5.75
173,Shache,CN,2022-07-18 22:38:45,38.4167,77.2406,78.71,16,0,7.58
174,Tongchuan,CN,2022-07-18 22:38:45,35.0806,109.0897,64.27,88,100,9.1
175,Chapais,CA,2022-07-18 22:38:45,49.7834,-74.8492,80.38,49,77,5.17
176,Lyngseidet,NO,2022-07-18 22:38:46,69.5763,20.2189,50.0,95,100,2.84
177,Hualmay,PE,2022-07-18 22:38:46,-11.0964,-77.6139,63.5,79,65,11.12
178,Nosy Varika,MG,2022-07-18 22:38:47,-20.5833,48.5333,68.22,86,66,12.82
179,Hasaki,JP,2022-07-18 22:38:12,35.7333,140.8333,82.29,87,100,14.54
180,Ribeira Grande,PT,2022-07-18 22:38:48,38.5167,-28.7,72.43,91,27,6.24
181,Amapa,BR,2022-07-18 22:38:48,1.0,-52.0,73.04,98,98,3.18
182,Khulo,GE,2022-07-18 22:38:49,41.644,42.3129,65.55,98,100,1.7
183,San Rafael,AR,2022-07-18 22:37:05,-34.6177,-68.3301,45.14,36,62,5.68
184,Ucluelet,CA,2022-07-18 22:38:51,48.9329,-125.5528,66.09,79,78,1.99
185,Tamworth,GB,2022-07-18 22:35:00,52.634,-1.6959,82.58,46,22,1.99
186,Lagos,NG,2022-07-18 22:37:54,6.5833,3.75,74.5,83,77,4.47
187,Guanica,PR,2022-07-18 22:39:51,17.9716,-66.908,85.12,80,12,12.1
188,Tommot,RU,2022-07-18 22:38:54,58.9564,126.2925,69.49,83,67,2.59
189,Talnakh,RU,2022-07-18 22:39:18,69.4865,88.3972,58.21,56,92,2.01
190,Agadir,MA,2022-07-18 22:39:54,30.4202,-9.5982,77.45,71,31,6.87
191,Muros,ES,2022-07-18 22:39:54,42.7762,-9.0603,68.09,81,14,9.75
192,Saskylakh,RU,2022-07-18 22:39:55,71.9167,114.0833,44.19,80,100,13.53
193,Saint-Augustin,CA,2022-07-18 22:39:55,51.226,-58.6502,67.33,69,81,9.78
194,Raudeberg,NO,2022-07-18 22:39:56,61.9875,5.1352,54.27,83,98,8.08
195,Kieta,PG,2022-07-18 22:39:56,-6.2167,155.6333,83.53,69,53,4.97
196,Comodoro Rivadavia,AR,2022-07-18 22:39:57,-45.8667,-67.5,48.06,46,0,18.41
197,Colac,AU,2022-07-18 22:39:57,-38.3333,143.5833,41.83,65,55,4.94
198,Rawson,AR,2022-07-18 22:39:57,-43.3002,-65.1023,44.44,49,55,15.32
199,Palaikastron,GR,2022-07-18 22:39:58,35.2,26.25,74.89,71,0,22.57
200,Saurimo,AO,2022-07-18 22:39:58,-9.6608,20.3916,60.53,43,6,5.55
201,Vaitape,PF,2022-07-18 22:39:59,-16.5167,-151.75,76.64,67,66,6.31
202,Ilulissat,GL,2022-07-18 22:39:59,69.2167,-51.1,50.02,66,20,3.44
203,Victoria,HK,2022-07-18 22:39:05,22.2855,114.1577,87.19,84,100,10.0
204,Shahr-E Babak,IR,2022-07-18 22:40:00,30.1165,55.1186,74.68,12,0,4.81
205,Parana,AR,2022-07-18 22:40:00,-31.732,-60.5238,58.55,66,1,4.9
206,Karratha,AU,2022-07-18 22:40:01,-20.7377,116.8463,66.18,68,2,7.49
207,Daru,PG,2022-07-18 22:40:01,-9.0763,143.2092,77.38,90,91,16.24
208,Saint-Philippe,RE,2022-07-18 22:40:02,-21.3585,55.7679,67.59,79,62,18.57
209,Korla,CN,2022-07-18 22:40:02,41.7597,86.1469,80.04,18,4,13.09
210,Mantua,IT,2022-07-18 22:40:03,45.1667,10.7833,81.64,67,12,1.01
211,Cidreira,BR,2022-07-18 22:40:03,-30.1811,-50.2056,56.79,92,0,3.8
212,Totness,SR,2022-07-18 22:40:04,5.8833,-56.3167,77.32,90,73,9.17
213,Itoman,JP,2022-07-18 22:40:05,26.1247,127.6694,86.4,92,75,11.5
214,Hami,CN,2022-07-18 22:40:06,42.8,93.45,77.83,32,92,6.62
215,Batagay,RU,2022-07-18 22:40:07,67.6333,134.6333,56.82,86,76,6.51
216,Sabang,ID,2022-07-18 22:40:08,5.8933,95.3214,82.27,73,20,14.38
217,Ust-Ishim,RU,2022-07-18 22:40:08,57.6935,71.1665,55.4,76,66,3.91
218,Clyde River,CA,2022-07-18 22:40:09,70.4692,-68.5914,41.23,81,75,8.05
219,Srivardhan,IN,2022-07-18 22:40:09,18.0333,73.0167,78.69,87,100,10.25
220,Novyy Urengoy,RU,2022-07-18 22:35:38,66.0833,76.6333,60.48,56,100,11.23
221,Doha,QA,2022-07-18 22:38:30,25.2867,51.5333,96.69,52,0,5.75
222,Husavik,IS,2022-07-18 22:38:16,66.0449,-17.3389,50.92,82,82,3.96
223,Vung Tau,VN,2022-07-18 22:38:00,10.346,107.0843,79.88,87,100,8.39
224,Khatanga,RU,2022-07-18 22:40:12,71.9667,102.5,53.24,74,100,4.05
225,Tolaga Bay,NZ,2022-07-18 22:40:12,-38.3667,178.3,59.99,68,100,11.92
226,Marsa Matruh,EG,2022-07-18 22:40:13,31.3525,27.2453,76.8,75,0,13.13
227,Moron,AR,2022-07-18 22:40:13,-34.6534,-58.6198,56.95,51,71,5.23
228,Nkhata Bay,MW,2022-07-18 22:40:14,-11.6066,34.2907,66.42,76,33,3.8
229,Nguruka,TZ,2022-07-18 22:40:14,-5.1092,31.0419,63.73,50,36,4.59
230,Nome,US,2022-07-18 22:40:15,64.5011,-165.4064,42.87,76,100,23.02
231,Lorengau,PG,2022-07-18 22:41:16,-2.0226,147.2712,82.65,72,96,5.26
232,Panaba,MX,2022-07-18 22:41:17,21.2833,-88.2667,86.5,62,77,16.33
233,Lynchburg,US,2022-07-18 22:36:48,37.4138,-79.1423,89.74,62,0,4.61
234,Dikson,RU,2022-07-18 22:40:38,73.5069,80.5464,43.38,82,98,13.6
235,Puerto Escondido,MX,2022-07-18 22:41:18,15.85,-97.0667,84.96,72,46,4.65
236,Acapulco,MX,2022-07-18 22:39:10,16.8634,-99.8901,85.82,74,75,5.75
237,Antalaha,MG,2022-07-18 22:41:18,-14.9003,50.2788,67.44,82,84,11.27
238,Moen,NO,2022-07-18 22:41:19,69.1304,18.6123,52.52,93,75,2.3
239,Jinchang,CN,2022-07-18 22:41:19,38.4953,102.1739,63.91,61,100,7.2
240,Avera,US,2022-07-18 22:39:36,33.194,-82.5271,90.91,59,80,8.81
241,Limanowa,PL,2022-07-18 22:41:20,49.7059,20.422,60.48,74,24,4.43
242,Mauguio,FR,2022-07-18 22:41:20,43.6181,4.0074,76.91,85,0,5.75
243,Kupang,ID,2022-07-18 22:41:21,-10.1667,123.5833,71.37,76,51,10.42
244,Luderitz,NA,2022-07-18 22:39:06,-26.6481,15.1594,57.18,86,1,12.82
245,Yurimaguas,PE,2022-07-18 22:41:22,-5.9,-76.0833,82.56,78,75,6.91
246,Pokrovsk,UA,2022-07-18 22:41:22,48.282,37.1758,55.76,73,0,6.89
247,San Patricio,US,2022-07-18 22:41:23,28.017,-97.5169,97.54,52,48,16.6
248,Palmares Do Sul,BR,2022-07-18 22:41:23,-30.2578,-50.5097,53.62,87,0,2.44
249,Bulgan,MN,2022-07-18 22:41:23,48.8125,103.5347,58.48,78,68,0.45
250,Coihaique,CL,2022-07-18 22:38:55,-45.5752,-72.0662,40.95,70,75,3.44
251,Sobolevo,RU,2022-07-18 22:39:35,54.4299,31.8996,54.16,90,94,6.15
252,Kavieng,PG,2022-07-18 22:41:25,-2.5744,150.7967,83.53,73,100,12.12
253,Hauterive,FR,2022-07-18 22:41:25,46.0901,3.4459,72.36,49,0,3.44
254,Constantine,DZ,2022-07-18 22:40:56,36.365,6.6147,81.81,34,0,4.61
255,Mizan Teferi,ET,2022-07-18 22:41:26,6.9833,35.5833,58.95,94,99,2.75
256,College,US,2022-07-18 22:41:26,64.8569,-147.8028,61.12,73,75,13.8
257,Bhadrapur,NP,2022-07-18 22:41:27,26.544,88.0944,78.39,91,99,6.44
258,Port Lincoln,AU,2022-07-18 22:38:14,-34.7333,135.8667,53.29,62,100,11.27
259,Biryusinsk,RU,2022-07-18 22:41:27,55.9634,97.8235,53.11,92,64,4.23
260,Lufilufi,WS,2022-07-18 22:41:28,-13.8745,-171.5986,82.18,79,33,23.49
261,Malanje,AO,2022-07-18 22:41:28,-9.5402,16.341,65.25,60,43,4.03
262,Sakaraha,MG,2022-07-18 22:41:29,-22.9,44.5333,58.15,83,0,5.41
263,Pafos,CY,2022-07-18 22:41:29,34.7667,32.4167,78.58,41,0,9.22
264,Belgrade,RS,2022-07-18 22:38:55,44.804,20.4651,65.86,60,0,1.14
265,Nhulunbuy,AU,2022-07-18 22:41:30,-12.2333,136.7667,72.21,94,75,3.44
266,Guerrero Negro,MX,2022-07-18 22:41:18,27.9769,-114.0611,80.89,51,3,14.14
267,Namatanai,PG,2022-07-18 22:41:31,-3.6667,152.4333,83.59,69,96,8.23
268,Saint Anthony,US,2022-07-18 22:41:31,45.0205,-93.218,96.73,46,0,13.8
269,Saint George,US,2022-07-18 22:41:31,37.1041,-113.5841,104.63,21,0,17.27
270,Lora Del Rio,ES,2022-07-18 22:41:32,37.659,-5.5275,80.4,48,0,6.31
271,Lakhdenpokhya,RU,2022-07-18 22:41:32,61.5198,30.1992,51.75,87,67,5.7
272,Kolda,SN,2022-07-18 22:41:33,12.8833,-14.95,76.28,95,100,5.17
273,Dalton,US,2022-07-18 22:40:01,34.7698,-84.9702,82.08,92,88,4.88
274,Mahebourg,MU,2022-07-18 22:41:33,-20.4081,57.7,69.26,88,40,17.27
275,Alofi,NU,2022-07-18 22:42:34,-19.0595,-169.9187,76.89,73,75,16.11
276,Sabya,SA,2022-07-18 22:42:35,17.1495,42.6254,89.22,54,87,4.74
277,Shimoda,JP,2022-07-18 22:42:35,34.6667,138.95,78.1,92,100,17.74
278,Codrington,AU,2022-07-18 22:42:35,-38.2667,141.9667,47.3,70,100,7.23
279,Ranfurly,NZ,2022-07-18 22:42:36,-45.1333,170.1,35.11,95,100,1.86
280,Riviere-Au-Renard,CA,2022-07-18 22:42:36,48.9957,-64.3971,66.49,95,85,4.16
281,Isangel,VU,2022-07-18 22:42:37,-19.55,169.2667,77.11,88,100,4.61
282,Cam Ranh,VN,2022-07-18 22:42:37,11.9214,109.1591,78.76,89,40,2.3
283,Tautira,PF,2022-07-18 22:42:38,-17.7333,-149.15,75.45,74,13,6.76
284,Chumikan,RU,2022-07-18 22:42:38,54.7183,135.315,52.63,99,100,13.65
285,Deputatskiy,RU,2022-07-18 22:42:39,69.3,139.9,41.61,87,100,3.69
286,Soyo,AO,2022-07-18 22:42:39,-6.1349,12.3689,70.32,88,4,6.29
287,Condado,CU,2022-07-18 22:42:39,21.8767,-79.8403,86.45,67,3,7.34
288,Margate,GB,2022-07-18 22:42:40,51.3813,1.3862,76.89,57,38,1.01
289,Esperance,AU,2022-07-18 22:42:41,-33.8667,121.9,51.64,89,33,5.44
290,Kholodnyy,RU,2022-07-18 22:42:41,62.7167,147.95,71.73,69,91,7.45
291,Mattru,SL,2022-07-18 22:42:42,7.6244,-11.8332,72.77,95,99,5.06
292,Goderich,CA,2022-07-18 22:42:42,43.7501,-81.7165,73.72,64,2,6.91
293,Igualada,ES,2022-07-18 22:42:42,41.581,1.6172,79.39,62,0,3.0
294,Meulaboh,ID,2022-07-18 22:40:47,4.1363,96.1285,75.34,87,77,4.83
295,Kisangani,CD,2022-07-18 22:42:43,0.5167,25.2,69.85,97,100,1.3
296,Monrovia,LR,2022-07-18 22:41:51,6.3005,-10.7969,76.1,79,96,14.65
297,Pasni,PK,2022-07-18 22:42:43,25.2631,63.471,82.96,89,33,12.21
298,Kiunga,PG,2022-07-18 22:42:44,-6.1219,141.2906,73.67,99,100,1.14
299,Geraldton,AU,2022-07-18 22:39:18,-28.7667,114.6,54.01,87,40,10.36
300,Ostrovnoy,RU,2022-07-18 22:39:22,68.0531,39.5131,53.26,86,5,7.76
301,Angoche,MZ,2022-07-18 22:42:04,-16.2325,39.9086,70.29,81,0,1.95
302,Caravelas,BR,2022-07-18 22:39:35,-17.7125,-39.2481,70.95,76,31,4.61
303,East London,ZA,2022-07-18 22:42:45,-33.0153,27.9116,69.12,35,13,9.78
304,Innisfail,AU,2022-07-18 22:42:46,-17.5333,146.0333,67.82,76,11,7.72
305,Quatis,BR,2022-07-18 22:42:46,-22.4072,-44.2581,63.05,97,85,1.07
306,Nehe,CN,2022-07-18 22:42:47,48.4833,124.8333,70.11,83,97,7.18
307,Ipora,BR,2022-07-18 22:42:48,-16.4419,-51.1178,71.91,27,0,3.76
308,San Cristobal,VE,2022-07-18 22:40:23,7.7669,-72.225,78.98,89,100,2.66
309,Sawakin,SD,2022-07-18 22:42:48,19.1059,37.3321,86.18,64,57,2.98
310,Puri,IN,2022-07-18 22:42:48,19.8,85.85,81.12,82,99,8.5
311,Los Llanos De Aridane,ES,2022-07-18 22:42:49,28.6585,-17.9182,69.55,93,75,18.41
312,Nantucket,US,2022-07-18 22:38:16,41.2835,-70.0995,75.99,98,100,11.5
313,Matay,EG,2022-07-18 22:42:50,28.419,30.7792,84.42,34,33,9.53
314,Tocopilla,CL,2022-07-18 22:42:50,-22.092,-70.1979,62.44,71,28,7.14
315,Aklavik,CA,2022-07-18 22:42:51,68.2191,-135.0107,67.6,56,100,11.86
316,Grimshaw,CA,2022-07-18 22:42:51,56.1834,-117.6027,80.22,39,20,17.27
317,Pevek,RU,2022-07-18 22:42:51,69.7008,170.3133,32.99,83,100,4.38
318,Araouane,ML,2022-07-18 22:42:52,18.9048,-3.5265,93.4,32,24,6.38
319,Leningradskiy,RU,2022-07-18 22:43:52,69.3833,178.4167,34.68,90,100,19.91
320,Kaitangata,NZ,2022-07-18 22:43:53,-46.2817,169.8464,46.4,91,100,7.96
321,Golden,US,2022-07-18 22:42:47,39.7555,-105.2211,96.66,26,75,6.91
322,Perisani,RO,2022-07-18 22:43:53,45.3833,24.4,56.75,43,29,3.29
323,Bac Lieu,VN,2022-07-18 22:43:54,9.285,105.7244,78.82,88,100,7.72
324,Petropavlovsk-Kamchatskiy,RU,2022-07-18 22:43:55,53.0452,158.6483,57.79,100,100,4.47
325,Elat,IL,2022-07-18 22:43:55,29.5581,34.9482,91.24,40,0,8.05
326,Tuatapere,NZ,2022-07-18 22:43:56,-46.1333,167.6833,44.71,91,100,5.19
327,Gombong,ID,2022-07-18 22:43:56,-7.6072,109.5142,74.12,94,98,3.6
328,Lebu,CL,2022-07-18 22:39:57,-37.6167,-73.65,45.09,76,91,3.65
329,Boca Do Acre,BR,2022-07-18 22:43:57,-8.7522,-67.3978,82.9,57,73,2.19
330,Sambava,MG,2022-07-18 22:39:30,-14.2667,50.1667,69.6,79,66,15.95
331,Olafsvik,IS,2022-07-18 22:43:58,64.8945,-23.7142,53.22,76,99,5.26
332,Lagdo,CM,2022-07-18 22:43:59,9.05,13.7333,71.96,95,70,3.13
333,Tuxtla,MX,2022-07-18 22:40:22,16.75,-93.1167,90.41,86,82,7.07
334,Ruwi,OM,2022-07-18 22:44:00,23.5996,58.5507,87.49,75,97,8.25
335,Tomatlan,MX,2022-07-18 22:44:00,19.9333,-105.25,83.59,75,99,1.83
336,Rio Grande,BR,2022-07-18 22:40:30,-32.035,-52.0986,50.11,80,3,2.82
337,Kavaratti,IN,2022-07-18 22:39:39,10.5669,72.642,80.2,81,100,21.83
338,Te Anau,NZ,2022-07-18 22:44:02,-45.4167,167.7167,41.9,97,100,4.38
339,Plettenberg Bay,ZA,2022-07-18 22:44:02,-34.0527,23.3716,59.7,85,88,4.56
340,Cruzeiro Do Sul,BR,2022-07-18 22:44:02,-29.5128,-51.9853,57.07,88,0,1.39
341,Urucui,BR,2022-07-18 22:44:03,-7.2294,-44.5561,79.47,30,22,5.53
342,Salalah,OM,2022-07-18 22:44:04,17.0151,54.0924,77.09,94,100,3.44
343,Luebo,CD,2022-07-18 22:44:04,-5.35,21.4167,77.36,48,77,1.9
344,Andrews,US,2022-07-18 22:44:05,32.3187,-102.5457,102.6,19,40,11.5
345,Altamira,BR,2022-07-18 22:44:06,-3.2033,-52.2064,77.02,72,66,2.1
346,Kiknur,RU,2022-07-18 22:44:06,57.3034,47.2011,60.17,99,100,4.36
347,Scottsbluff,US,2022-07-18 22:44:07,41.8666,-103.6672,108.72,25,20,23.02
348,Rocha,UY,2022-07-18 22:40:27,-34.4833,-54.3333,45.79,91,25,4.72
349,Urengoy,RU,2022-07-18 22:44:07,65.9667,78.3667,56.93,67,87,11.34
350,Union,US,2022-07-18 22:44:08,40.6334,-74.2663,86.45,86,100,8.99
351,Dengzhou,CN,2022-07-18 22:44:08,37.8086,120.7508,75.9,66,11,5.61
352,Lompoc,US,2022-07-18 22:44:09,34.6391,-120.4579,81.84,61,0,16.11
353,Flin Flon,CA,2022-07-18 22:44:09,54.7682,-101.865,84.04,34,40,8.05
354,Upernavik,GL,2022-07-18 22:44:10,72.7868,-56.1549,43.95,75,100,1.34
355,Ukiah,US,2022-07-18 22:44:10,39.1502,-123.2078,101.16,18,0,9.22
356,Beaverlodge,CA,2022-07-18 22:44:11,55.2166,-119.4361,78.15,47,44,15.97
357,Vazhiny,RU,2022-07-18 22:44:11,60.9644,34.0222,47.55,96,8,2.66
358,Skagen,DK,2022-07-18 22:44:12,57.7209,10.5839,62.98,81,70,21.59
359,Vagur,FO,2022-07-18 22:44:12,61.4732,-6.8119,50.97,90,100,15.61
360,Alcanede,PT,2022-07-18 22:44:13,39.415,-8.8219,66.67,88,1,4.47
361,Sidi Ali,DZ,2022-07-18 22:44:13,36.0998,0.4206,75.61,75,0,4.16
362,Touros,BR,2022-07-18 22:44:13,-5.1989,-35.4608,75.97,85,83,14.05
363,Glasgow,GB,2022-07-18 22:40:11,55.8652,-4.2576,68.02,72,79,2.3
364,Gravelbourg,CA,2022-07-18 22:44:14,49.8834,-106.5512,84.47,45,36,18.05
365,Ostersund,SE,2022-07-18 22:44:14,63.1792,14.6357,50.45,87,100,4.61
366,Pisco,PE,2022-07-18 22:44:15,-13.7,-76.2167,64.45,72,0,3.44
367,Tilichiki,RU,2022-07-18 22:45:16,60.4667,166.1,60.62,59,100,5.84
368,Bengkulu,ID,2022-07-18 22:45:16,-3.8004,102.2655,74.91,88,3,4.09
369,Kalaleh,IR,2022-07-18 22:45:17,37.3807,55.4916,80.62,60,0,1.14
370,Baneh,IR,2022-07-18 22:45:17,35.9975,45.8853,74.19,21,0,5.57
371,Broome,US,2022-07-18 22:45:18,42.2506,-75.833,75.65,83,100,1.01
372,Mount Gambier,AU,2022-07-18 22:45:18,-37.8333,140.7667,35.51,100,100,0.0
373,Ondangwa,NA,2022-07-18 22:45:19,-17.9167,15.95,44.6,39,0,0.0
374,Xucheng,CN,2022-07-18 22:45:19,20.35,110.1288,81.5,87,100,9.86
375,Kishtwar,IN,2022-07-18 22:45:20,33.3167,75.7667,68.9,94,38,0.31
376,Burnie,AU,2022-07-18 22:45:21,-41.0667,145.9167,37.94,62,3,4.54
377,Vila Franca Do Campo,PT,2022-07-18 22:45:21,37.7167,-25.4333,72.01,92,35,1.9
378,Riyadh,SA,2022-07-18 22:41:14,24.6877,46.7219,91.54,13,35,6.67
379,Mustasaari,FI,2022-07-18 22:45:22,63.1142,21.6822,58.89,87,0,2.3
380,Gat,IL,2022-07-18 22:44:18,31.61,34.7642,80.4,79,0,0.34
381,Shirgaon,IN,2022-07-18 22:45:24,19.7,72.7,78.84,87,100,7.49
382,Bastia,FR,2022-07-18 22:43:58,42.6667,9.3333,81.3,64,0,3.44
383,Oktyabrskiy,RU,2022-07-18 22:45:25,54.4815,53.471,66.67,83,99,4.0
384,Sar-E Pul,AF,2022-07-18 22:45:26,35.8333,66.1667,71.83,20,0,6.08
385,Goodyear,US,2022-07-18 22:42:43,33.4353,-112.3582,109.81,26,40,8.99
386,Vilhena,BR,2022-07-18 22:41:09,-12.7406,-60.1458,82.62,42,0,3.44
387,Tiko,CM,2022-07-18 22:45:28,4.0745,9.3699,75.54,86,99,5.12
388,Kutum,SD,2022-07-18 22:45:28,14.2,24.6667,76.17,59,68,17.34
389,Darlawn,IN,2022-07-18 22:45:29,24.0167,92.9,69.35,99,100,2.19
390,Lazaro Cardenas,MX,2022-07-18 22:45:29,17.9583,-102.2,85.26,68,93,9.06
391,Sao Gabriel Da Cachoeira,BR,2022-07-18 22:41:00,-0.1303,-67.0892,75.63,91,66,1.01
392,Broken Hill,AU,2022-07-18 22:45:30,-31.95,141.4333,42.46,65,6,7.72
393,Mareeba,AU,2022-07-18 22:45:30,-17.0,145.4333,66.49,82,2,3.22
394,Marystown,CA,2022-07-18 22:45:31,47.1666,-55.1483,63.86,100,91,3.0
395,Atar,MR,2022-07-18 22:45:31,20.5169,-13.0499,93.33,32,40,5.17
396,Yeppoon,AU,2022-07-18 22:45:32,-23.1333,150.7333,56.98,70,3,5.64
397,Atambua,ID,2022-07-18 22:45:32,-9.1061,124.8925,65.68,76,100,5.79
398,Christchurch,NZ,2022-07-18 22:45:05,-43.5333,172.6333,57.4,62,100,4.61
399,Neryungri,RU,2022-07-18 22:45:33,56.6709,124.6491,61.61,92,100,3.51
400,Bang Saphan,TH,2022-07-18 22:45:33,11.2126,99.5117,78.44,87,47,7.43
401,Garmsar,IR,2022-07-18 22:45:34,35.2182,52.3409,87.49,17,0,5.99
402,Cabra,ES,2022-07-18 22:45:34,37.4725,-4.4421,76.46,51,0,4.27
403,Dudinka,RU,2022-07-18 22:45:34,69.4058,86.1778,58.62,64,79,10.4
404,Gornopravdinsk,RU,2022-07-18 22:45:35,60.05,69.9,57.78,72,67,2.73
405,Dzaoudzi,YT,2022-07-18 22:45:35,-12.7887,45.2699,76.89,73,75,18.41
406,Mehriz,IR,2022-07-18 22:45:36,31.5917,54.4318,79.3,12,0,10.2
407,Ugoofaaru,MV,2022-07-18 22:45:36,5.6667,73.0,81.86,75,100,16.78
408,Nageshwari,BD,2022-07-18 22:45:36,25.9377,89.7148,79.3,92,100,11.05
409,Otjimbingwe,NA,2022-07-18 22:45:37,-22.35,16.1333,59.2,30,0,6.38
410,Quelimane,MZ,2022-07-18 22:45:37,-17.8786,36.8883,67.95,94,20,3.44
411,Imbituba,BR,2022-07-18 22:45:38,-28.24,-48.6703,63.09,87,100,1.99
412,Bugene,TZ,2022-07-18 22:45:38,-1.5911,31.1403,61.38,51,51,2.93
413,Sinnamary,GF,2022-07-18 22:45:39,5.3833,-52.95,78.53,85,33,8.75
414,Huangyan,CN,2022-07-18 22:46:39,28.6478,121.2594,82.98,92,100,0.78
415,Dreux,FR,2022-07-18 22:46:40,48.6667,1.25,82.11,24,0,8.88
416,Anadyr,RU,2022-07-18 22:46:40,64.75,177.4833,54.1,46,20,26.84
417,Napoleon,US,2022-07-18 22:46:41,41.3923,-84.1252,87.84,63,1,4.54
418,Bulawayo,ZW,2022-07-18 22:46:42,-20.15,28.5833,54.7,70,97,10.31
419,Beringovskiy,RU,2022-07-18 22:46:42,63.05,179.3167,54.12,51,8,23.58
420,Bayir,TR,2022-07-18 22:46:44,37.2687,28.2167,81.12,44,0,6.82
421,Loralai,PK,2022-07-18 22:44:27,30.3705,68.598,75.09,74,6,2.08
422,Saint-Pierre,RE,2022-07-18 22:46:45,-21.3393,55.4781,67.68,66,20,18.41
423,Sibolga,ID,2022-07-18 22:46:46,1.7427,98.7792,76.86,83,99,2.21
424,Ancud,CL,2022-07-18 22:46:46,-41.8697,-73.8203,42.22,74,13,8.01
425,Lillooet,CA,2022-07-18 22:46:47,50.6856,-121.942,80.37,39,43,6.67
426,Beyneu,KZ,2022-07-18 22:46:47,45.3167,55.2,89.6,23,0,17.56
427,Porto Recanati,IT,2022-07-18 22:46:48,43.4365,13.6613,76.12,39,17,5.95
428,Grindavik,IS,2022-07-18 22:46:48,63.8424,-22.4338,53.55,82,100,3.44
429,Zalantun,CN,2022-07-18 22:46:49,48.0,122.7167,69.67,85,92,4.27
430,West Bay,KY,2022-07-18 22:46:49,19.3667,-81.4167,89.67,74,40,10.36
431,Hay River,CA,2022-07-18 22:42:23,60.8156,-115.7999,76.96,38,75,5.75
432,Ambilobe,MG,2022-07-18 22:46:50,-13.2,49.05,65.21,70,80,7.05
433,Mayumba,GA,2022-07-18 22:46:51,-3.432,10.6554,69.66,91,22,3.76
434,Severo-Yeniseyskiy,RU,2022-07-18 22:46:51,60.3725,93.0408,51.03,96,100,2.06
435,Aloleng,PH,2022-07-18 22:46:52,16.1307,119.7824,81.39,81,67,7.14
436,Luchegorsk,RU,2022-07-18 22:46:52,46.4764,134.2569,68.16,91,90,1.25
437,Kazachinskoye,RU,2022-07-18 22:46:53,57.6953,93.2761,54.73,98,100,8.75
438,Dalbandin,PK,2022-07-18 22:46:53,28.8947,64.4101,85.95,58,31,8.48
439,Taldan,RU,2022-07-18 22:46:54,53.6667,124.8,67.95,83,98,2.44
440,Teahupoo,PF,2022-07-18 22:46:54,-17.8333,-149.2667,76.96,73,10,6.89
441,Luquillo,PR,2022-07-18 22:46:55,18.3725,-65.7166,84.15,74,75,9.22
442,Kuytun,RU,2022-07-18 22:46:55,54.3419,101.5036,56.14,92,100,4.97
443,Muscat,OM,2022-07-18 22:46:56,23.6139,58.5922,87.82,77,98,8.77
444,Zhigansk,RU,2022-07-18 22:46:57,66.7697,123.3711,52.72,78,100,16.6
445,Ketchikan,US,2022-07-18 22:44:49,55.3422,-131.6461,59.47,88,100,13.8
446,Lac Du Bonnet,CA,2022-07-18 22:46:58,50.2536,-96.0612,85.21,45,2,4.16
447,Ocampo,MX,2022-07-18 22:46:58,21.65,-101.5,62.37,62,78,12.08
448,Emba,KZ,2022-07-18 22:46:59,48.8264,58.1442,85.15,29,14,9.33
449,Srandakan,ID,2022-07-18 22:46:59,-7.9386,110.2506,73.96,91,78,5.37
450,Dunedin,NZ,2022-07-18 22:44:30,-45.8742,170.5036,51.8,91,100,5.37
451,Zyryanka,RU,2022-07-18 22:47:00,65.75,150.85,62.2,63,100,3.04
452,Darab,IR,2022-07-18 22:47:01,28.7519,54.5444,86.49,10,0,7.83
453,Mayo,US,2022-07-18 22:47:02,38.8876,-76.5119,87.49,79,100,9.22
454,Matagami,CA,2022-07-18 22:47:02,49.7502,-77.6328,82.51,42,20,10.36
455,Hambantota,LK,2022-07-18 22:47:03,6.1241,81.1185,78.31,83,48,13.09
456,Surab,PK,2022-07-18 22:47:03,28.4914,66.2585,71.26,74,33,2.53
457,Kikwit,CD,2022-07-18 22:47:04,-5.041,18.8162,76.53,62,78,3.0
458,Labuan,MY,2022-07-18 22:47:04,5.2767,115.2417,77.36,100,20,0.0
459,Prainha,BR,2022-07-18 22:47:05,-1.8,-53.48,78.71,75,78,3.78
